SampleID	ExperimentID	R	Input.IP	Tumour.Normal	File.Location	Shortened.SampleID	Target
1_100419-2	1600740-1	R1	Input	Normal	/cluster/projects/hansengroup/Helab_Raw_Sequencing_Data_Hub/20220214_m6A_TumourNormal/S17B_20220207_X1_AHHCMMCCX2/L1-S17B/Input1600740-1_S7_L001_R1_001.fastq.gz	N100419-2	/cluster/home/helenzhu/Cluster_Helen/Snakemake_M6A_NormalTumour/FASTQs/N100419-2_Input_R1.fastq.gz
1_100419-2	1600740-1	R2	Input	Normal	/cluster/projects/hansengroup/Helab_Raw_Sequencing_Data_Hub/20220214_m6A_TumourNormal/S17B_20220207_X1_AHHCMMCCX2/L1-S17B/Input1600740-1_S7_L001_R2_001.fastq.gz	N100419-2	/cluster/home/helenzhu/Cluster_Helen/Snakemake_M6A_NormalTumour/FASTQs/N100419-2_Input_R2.fastq.gz
LASCPC	LASCPC	R1	Input	LASCPC	/cluster/projects/hansengroup/Helab_Raw_Sequencing_Data_Hub/20220214_m6A_TumourNormal/S17B_20220207_X1_AHHCMMCCX2/L1-S17B/InputLASCPC_S2_L001_R1_001.fastq.gz	LASCPC	/cluster/home/helenzhu/Cluster_Helen/Snakemake_M6A_NormalTumour/FASTQs/LASCPC_Input_R1.fastq.gz
LASCPC	LASCPC	R2	Input	LASCPC	/cluster/projects/hansengroup/Helab_Raw_Sequencing_Data_Hub/20220214_m6A_TumourNormal/S17B_20220207_X1_AHHCMMCCX2/L1-S17B/InputLASCPC_S2_L001_R2_001.fastq.gz	LASCPC	/cluster/home/helenzhu/Cluster_Helen/Snakemake_M6A_NormalTumour/FASTQs/LASCPC_Input_R2.fastq.gz
LTL331-1	LTL331-1	R1	Input	LTL331-1	/cluster/projects/hansengroup/Helab_Raw_Sequencing_Data_Hub/20220214_m6A_TumourNormal/S17B_20220207_X1_AHHCMMCCX2/L1-S17B/InputLTL331_1_S3_L001_R1_001.fastq.gz	LTL331-1	/cluster/home/helenzhu/Cluster_Helen/Snakemake_M6A_NormalTumour/FASTQs/LTL331-1_Input_R1.fastq.gz
LTL331-1	LTL331-1	R2	Input	LTL331-1	/cluster/projects/hansengroup/Helab_Raw_Sequencing_Data_Hub/20220214_m6A_TumourNormal/S17B_20220207_X1_AHHCMMCCX2/L1-S17B/InputLTL331_1_S3_L001_R2_001.fastq.gz	LTL331-1	/cluster/home/helenzhu/Cluster_Helen/Snakemake_M6A_NormalTumour/FASTQs/LTL331-1_Input_R2.fastq.gz
LTL331-2	LTL331-2	R1	Input	LTL331-2	/cluster/projects/hansengroup/Helab_Raw_Sequencing_Data_Hub/20220214_m6A_TumourNormal/S17B_20220207_X1_AHHCMMCCX2/L1-S17B/InputLTL331_2_S4_L001_R1_001.fastq.gz	LTL331-2	/cluster/home/helenzhu/Cluster_Helen/Snakemake_M6A_NormalTumour/FASTQs/LTL331-2_Input_R1.fastq.gz
LTL331-2	LTL331-2	R2	Input	LTL331-2	/cluster/projects/hansengroup/Helab_Raw_Sequencing_Data_Hub/20220214_m6A_TumourNormal/S17B_20220207_X1_AHHCMMCCX2/L1-S17B/InputLTL331_2_S4_L001_R2_001.fastq.gz	LTL331-2	/cluster/home/helenzhu/Cluster_Helen/Snakemake_M6A_NormalTumour/FASTQs/LTL331-2_Input_R2.fastq.gz
LTL331R-1	LTL331R-1	R1	Input	LTL331R-1	/cluster/projects/hansengroup/Helab_Raw_Sequencing_Data_Hub/20220214_m6A_TumourNormal/S17B_20220207_X1_AHHCMMCCX2/L1-S17B/InputLTL331R_1_S5_L001_R1_001.fastq.gz	LTL331R-1	/cluster/home/helenzhu/Cluster_Helen/Snakemake_M6A_NormalTumour/FASTQs/LTL331R-1_Input_R1.fastq.gz
LTL331R-1	LTL331R-1	R2	Input	LTL331R-1	/cluster/projects/hansengroup/Helab_Raw_Sequencing_Data_Hub/20220214_m6A_TumourNormal/S17B_20220207_X1_AHHCMMCCX2/L1-S17B/InputLTL331R_1_S5_L001_R2_001.fastq.gz	LTL331R-1	/cluster/home/helenzhu/Cluster_Helen/Snakemake_M6A_NormalTumour/FASTQs/LTL331R-1_Input_R2.fastq.gz
LTL331R-2	LTL331R-2	R1	Input	LTL331R-2	/cluster/projects/hansengroup/Helab_Raw_Sequencing_Data_Hub/20220214_m6A_TumourNormal/S17B_20220207_X1_AHHCMMCCX2/L1-S17B/InputLTL331R_2_S6_L001_R1_001.fastq.gz	LTL331R-2	/cluster/home/helenzhu/Cluster_Helen/Snakemake_M6A_NormalTumour/FASTQs/LTL331R-2_Input_R1.fastq.gz
LTL331R-2	LTL331R-2	R2	Input	LTL331R-2	/cluster/projects/hansengroup/Helab_Raw_Sequencing_Data_Hub/20220214_m6A_TumourNormal/S17B_20220207_X1_AHHCMMCCX2/L1-S17B/InputLTL331R_2_S6_L001_R2_001.fastq.gz	LTL331R-2	/cluster/home/helenzhu/Cluster_Helen/Snakemake_M6A_NormalTumour/FASTQs/LTL331R-2_Input_R2.fastq.gz
PC-3	PC-3	R1	Input	PC-3	/cluster/projects/hansengroup/Helab_Raw_Sequencing_Data_Hub/20220214_m6A_TumourNormal/S17B_20220207_X1_AHHCMMCCX2/L1-S17B/InputPC-3_S1_L001_R1_001.fastq.gz	PC-3	/cluster/home/helenzhu/Cluster_Helen/Snakemake_M6A_NormalTumour/FASTQs/PC-3_Input_R1.fastq.gz
PC-3	PC-3	R2	Input	PC-3	/cluster/projects/hansengroup/Helab_Raw_Sequencing_Data_Hub/20220214_m6A_TumourNormal/S17B_20220207_X1_AHHCMMCCX2/L1-S17B/InputPC-3_S1_L001_R2_001.fastq.gz	PC-3	/cluster/home/helenzhu/Cluster_Helen/Snakemake_M6A_NormalTumour/FASTQs/PC-3_Input_R2.fastq.gz
1_100419-2	1600740-1	R1	IP	Normal	/cluster/projects/hansengroup/Helab_Raw_Sequencing_Data_Hub/20220214_m6A_TumourNormal/S17B_20220207_X1_AHHCMMCCX2/L2-S17B/IP1600740-1_S7_L002_R1_001.fastq.gz	N100419-2	/cluster/home/helenzhu/Cluster_Helen/Snakemake_M6A_NormalTumour/FASTQs/N100419-2_IP_R1.fastq.gz
1_100419-2	1600740-1	R2	IP	Normal	/cluster/projects/hansengroup/Helab_Raw_Sequencing_Data_Hub/20220214_m6A_TumourNormal/S17B_20220207_X1_AHHCMMCCX2/L2-S17B/IP1600740-1_S7_L002_R2_001.fastq.gz	N100419-2	/cluster/home/helenzhu/Cluster_Helen/Snakemake_M6A_NormalTumour/FASTQs/N100419-2_IP_R2.fastq.gz
LASCPC	LASCPC	R1	IP	LASCPC	/cluster/projects/hansengroup/Helab_Raw_Sequencing_Data_Hub/20220214_m6A_TumourNormal/S17B_20220207_X1_AHHCMMCCX2/L2-S17B/IPLASCPC_S2_L002_R1_001.fastq.gz	LASCPC	/cluster/home/helenzhu/Cluster_Helen/Snakemake_M6A_NormalTumour/FASTQs/LASCPC_IP_R1.fastq.gz
LASCPC	LASCPC	R2	IP	LASCPC	/cluster/projects/hansengroup/Helab_Raw_Sequencing_Data_Hub/20220214_m6A_TumourNormal/S17B_20220207_X1_AHHCMMCCX2/L2-S17B/IPLASCPC_S2_L002_R2_001.fastq.gz	LASCPC	/cluster/home/helenzhu/Cluster_Helen/Snakemake_M6A_NormalTumour/FASTQs/LASCPC_IP_R2.fastq.gz
LTL331-1	LTL331-1	R1	IP	LTL331-1	/cluster/projects/hansengroup/Helab_Raw_Sequencing_Data_Hub/20220214_m6A_TumourNormal/S17B_20220207_X1_AHHCMMCCX2/L2-S17B/IPLTL331_1_S3_L002_R1_001.fastq.gz	LTL331-1	/cluster/home/helenzhu/Cluster_Helen/Snakemake_M6A_NormalTumour/FASTQs/LTL331-1_IP_R1.fastq.gz
LTL331-1	LTL331-1	R2	IP	LTL331-1	/cluster/projects/hansengroup/Helab_Raw_Sequencing_Data_Hub/20220214_m6A_TumourNormal/S17B_20220207_X1_AHHCMMCCX2/L2-S17B/IPLTL331_1_S3_L002_R2_001.fastq.gz	LTL331-1	/cluster/home/helenzhu/Cluster_Helen/Snakemake_M6A_NormalTumour/FASTQs/LTL331-1_IP_R2.fastq.gz
LTL331-2	LTL331-2	R1	IP	LTL331-2	/cluster/projects/hansengroup/Helab_Raw_Sequencing_Data_Hub/20220214_m6A_TumourNormal/S17B_20220207_X1_AHHCMMCCX2/L2-S17B/IPLTL331_2_S4_L002_R1_001.fastq.gz	LTL331-2	/cluster/home/helenzhu/Cluster_Helen/Snakemake_M6A_NormalTumour/FASTQs/LTL331-2_IP_R1.fastq.gz
LTL331-2	LTL331-2	R2	IP	LTL331-2	/cluster/projects/hansengroup/Helab_Raw_Sequencing_Data_Hub/20220214_m6A_TumourNormal/S17B_20220207_X1_AHHCMMCCX2/L2-S17B/IPLTL331_2_S4_L002_R2_001.fastq.gz	LTL331-2	/cluster/home/helenzhu/Cluster_Helen/Snakemake_M6A_NormalTumour/FASTQs/LTL331-2_IP_R2.fastq.gz
LTL331R-1	LTL331R-1	R1	IP	LTL331R-1	/cluster/projects/hansengroup/Helab_Raw_Sequencing_Data_Hub/20220214_m6A_TumourNormal/S17B_20220207_X1_AHHCMMCCX2/L2-S17B/IPLTL331R_1_S5_L002_R1_001.fastq.gz	LTL331R-1	/cluster/home/helenzhu/Cluster_Helen/Snakemake_M6A_NormalTumour/FASTQs/LTL331R-1_IP_R1.fastq.gz
LTL331R-1	LTL331R-1	R2	IP	LTL331R-1	/cluster/projects/hansengroup/Helab_Raw_Sequencing_Data_Hub/20220214_m6A_TumourNormal/S17B_20220207_X1_AHHCMMCCX2/L2-S17B/IPLTL331R_1_S5_L002_R2_001.fastq.gz	LTL331R-1	/cluster/home/helenzhu/Cluster_Helen/Snakemake_M6A_NormalTumour/FASTQs/LTL331R-1_IP_R2.fastq.gz
LTL331R-2	LTL331R-2	R1	IP	LTL331R-2	/cluster/projects/hansengroup/Helab_Raw_Sequencing_Data_Hub/20220214_m6A_TumourNormal/S17B_20220207_X1_AHHCMMCCX2/L2-S17B/IPLTL331R_2_S6_L002_R1_001.fastq.gz	LTL331R-2	/cluster/home/helenzhu/Cluster_Helen/Snakemake_M6A_NormalTumour/FASTQs/LTL331R-2_IP_R1.fastq.gz
LTL331R-2	LTL331R-2	R2	IP	LTL331R-2	/cluster/projects/hansengroup/Helab_Raw_Sequencing_Data_Hub/20220214_m6A_TumourNormal/S17B_20220207_X1_AHHCMMCCX2/L2-S17B/IPLTL331R_2_S6_L002_R2_001.fastq.gz	LTL331R-2	/cluster/home/helenzhu/Cluster_Helen/Snakemake_M6A_NormalTumour/FASTQs/LTL331R-2_IP_R2.fastq.gz
PC-3	PC-3	R1	IP	PC-3	/cluster/projects/hansengroup/Helab_Raw_Sequencing_Data_Hub/20220214_m6A_TumourNormal/S17B_20220207_X1_AHHCMMCCX2/L2-S17B/IPPC-3_S1_L002_R1_001.fastq.gz	PC-3	/cluster/home/helenzhu/Cluster_Helen/Snakemake_M6A_NormalTumour/FASTQs/PC-3_IP_R1.fastq.gz
PC-3	PC-3	R2	IP	PC-3	/cluster/projects/hansengroup/Helab_Raw_Sequencing_Data_Hub/20220214_m6A_TumourNormal/S17B_20220207_X1_AHHCMMCCX2/L2-S17B/IPPC-3_S1_L002_R2_001.fastq.gz	PC-3	/cluster/home/helenzhu/Cluster_Helen/Snakemake_M6A_NormalTumour/FASTQs/PC-3_IP_R2.fastq.gz
1_86362	xp59	R1	Input	Tumour	/cluster/projects/hansengroup/Helab_Raw_Sequencing_Data_Hub/20220214_m6A_TumourNormal/S17B_20220207_X1_AHHCMMCCX2/L3-S17B/Inputxp59_S1_L003_R1_001.fastq.gz	T86362	/cluster/home/helenzhu/Cluster_Helen/Snakemake_M6A_NormalTumour/FASTQs/T86362_Input_R1.fastq.gz
1_86362	xp59	R2	Input	Tumour	/cluster/projects/hansengroup/Helab_Raw_Sequencing_Data_Hub/20220214_m6A_TumourNormal/S17B_20220207_X1_AHHCMMCCX2/L3-S17B/Inputxp59_S1_L003_R2_001.fastq.gz	T86362	/cluster/home/helenzhu/Cluster_Helen/Snakemake_M6A_NormalTumour/FASTQs/T86362_Input_R2.fastq.gz
1_86362	xp61	R1	Input	Normal	/cluster/projects/hansengroup/Helab_Raw_Sequencing_Data_Hub/20220214_m6A_TumourNormal/S17B_20220207_X1_AHHCMMCCX2/L3-S17B/Inputxp61_S2_L003_R1_001.fastq.gz	N86362	/cluster/home/helenzhu/Cluster_Helen/Snakemake_M6A_NormalTumour/FASTQs/N86362_Input_R1.fastq.gz
1_86362	xp61	R2	Input	Normal	/cluster/projects/hansengroup/Helab_Raw_Sequencing_Data_Hub/20220214_m6A_TumourNormal/S17B_20220207_X1_AHHCMMCCX2/L3-S17B/Inputxp61_S2_L003_R2_001.fastq.gz	N86362	/cluster/home/helenzhu/Cluster_Helen/Snakemake_M6A_NormalTumour/FASTQs/N86362_Input_R2.fastq.gz
1_76442-2	xp72	R1	Input	Normal	/cluster/projects/hansengroup/Helab_Raw_Sequencing_Data_Hub/20220214_m6A_TumourNormal/S17B_20220207_X1_AHHCMMCCX2/L3-S17B/Inputxp72_S3_L003_R1_001.fastq.gz	N76442-2	/cluster/home/helenzhu/Cluster_Helen/Snakemake_M6A_NormalTumour/FASTQs/N76442-2_Input_R1.fastq.gz
1_76442-2	xp72	R2	Input	Normal	/cluster/projects/hansengroup/Helab_Raw_Sequencing_Data_Hub/20220214_m6A_TumourNormal/S17B_20220207_X1_AHHCMMCCX2/L3-S17B/Inputxp72_S3_L003_R2_001.fastq.gz	N76442-2	/cluster/home/helenzhu/Cluster_Helen/Snakemake_M6A_NormalTumour/FASTQs/N76442-2_Input_R2.fastq.gz
1_86362	xp59	R1	IP	Tumour	/cluster/projects/hansengroup/Helab_Raw_Sequencing_Data_Hub/20220214_m6A_TumourNormal/S17B_20220207_X1_AHHCMMCCX2/L3-S17B/IPxp59_S4_L003_R1_001.fastq.gz	T86362	/cluster/home/helenzhu/Cluster_Helen/Snakemake_M6A_NormalTumour/FASTQs/T86362_IP_R1.fastq.gz
1_86362	xp59	R2	IP	Tumour	/cluster/projects/hansengroup/Helab_Raw_Sequencing_Data_Hub/20220214_m6A_TumourNormal/S17B_20220207_X1_AHHCMMCCX2/L3-S17B/IPxp59_S4_L003_R2_001.fastq.gz	T86362	/cluster/home/helenzhu/Cluster_Helen/Snakemake_M6A_NormalTumour/FASTQs/T86362_IP_R2.fastq.gz
1_86362	xp61	R1	IP	Normal	/cluster/projects/hansengroup/Helab_Raw_Sequencing_Data_Hub/20220214_m6A_TumourNormal/S17B_20220207_X1_AHHCMMCCX2/L3-S17B/IPxp61_S5_L003_R1_001.fastq.gz	N86362	/cluster/home/helenzhu/Cluster_Helen/Snakemake_M6A_NormalTumour/FASTQs/N86362_IP_R1.fastq.gz
1_86362	xp61	R2	IP	Normal	/cluster/projects/hansengroup/Helab_Raw_Sequencing_Data_Hub/20220214_m6A_TumourNormal/S17B_20220207_X1_AHHCMMCCX2/L3-S17B/IPxp61_S5_L003_R2_001.fastq.gz	N86362	/cluster/home/helenzhu/Cluster_Helen/Snakemake_M6A_NormalTumour/FASTQs/N86362_IP_R2.fastq.gz
1_76442-2	xp72	R1	IP	Normal	/cluster/projects/hansengroup/Helab_Raw_Sequencing_Data_Hub/20220214_m6A_TumourNormal/S17B_20220207_X1_AHHCMMCCX2/L3-S17B/IPxp72_S6_L003_R1_001.fastq.gz	N76442-2	/cluster/home/helenzhu/Cluster_Helen/Snakemake_M6A_NormalTumour/FASTQs/N76442-2_IP_R1.fastq.gz
1_76442-2	xp72	R2	IP	Normal	/cluster/projects/hansengroup/Helab_Raw_Sequencing_Data_Hub/20220214_m6A_TumourNormal/S17B_20220207_X1_AHHCMMCCX2/L3-S17B/IPxp72_S6_L003_R2_001.fastq.gz	N76442-2	/cluster/home/helenzhu/Cluster_Helen/Snakemake_M6A_NormalTumour/FASTQs/N76442-2_IP_R2.fastq.gz
1_100883	1599449_4	R1	Input	Normal	/cluster/projects/hansengroup/Helab_Raw_Sequencing_Data_Hub/2019_CPC-GENE_m6A_MeRIP-seq/S17B_20211117_YZ2_BHH2W2CCX2/L7-S17B/Input1599449_4_S2_L007_R1_001.fastq.gz	N100883	/cluster/home/helenzhu/Cluster_Helen/Snakemake_M6A_NormalTumour/FASTQs/N100883_Input_R1.fastq.gz
1_100883	1599449_4	R2	Input	Normal	/cluster/projects/hansengroup/Helab_Raw_Sequencing_Data_Hub/2019_CPC-GENE_m6A_MeRIP-seq/S17B_20211117_YZ2_BHH2W2CCX2/L7-S17B/Input1599449_4_S2_L007_R2_001.fastq.gz	N100883	/cluster/home/helenzhu/Cluster_Helen/Snakemake_M6A_NormalTumour/FASTQs/N100883_Input_R2.fastq.gz
1_100419	1600741_2	R1	Input	Normal	/cluster/projects/hansengroup/Helab_Raw_Sequencing_Data_Hub/2019_CPC-GENE_m6A_MeRIP-seq/S17B_20211117_YZ2_BHH2W2CCX2/L7-S17B/Input1600741_2_S1_L007_R1_001.fastq.gz	N100419	/cluster/home/helenzhu/Cluster_Helen/Snakemake_M6A_NormalTumour/FASTQs/N100419_Input_R1.fastq.gz
1_100419	1600741_2	R2	Input	Normal	/cluster/projects/hansengroup/Helab_Raw_Sequencing_Data_Hub/2019_CPC-GENE_m6A_MeRIP-seq/S17B_20211117_YZ2_BHH2W2CCX2/L7-S17B/Input1600741_2_S1_L007_R2_001.fastq.gz	N100419	/cluster/home/helenzhu/Cluster_Helen/Snakemake_M6A_NormalTumour/FASTQs/N100419_Input_R2.fastq.gz
1_76442	591971_10	R1	Input	Normal	/cluster/projects/hansengroup/Helab_Raw_Sequencing_Data_Hub/2019_CPC-GENE_m6A_MeRIP-seq/S17B_20211117_YZ2_BHH2W2CCX2/L7-S17B/Input591971_10_S4_L007_R1_001.fastq.gz	N76442	/cluster/home/helenzhu/Cluster_Helen/Snakemake_M6A_NormalTumour/FASTQs/N76442_Input_R1.fastq.gz
1_76442	591971_10	R2	Input	Normal	/cluster/projects/hansengroup/Helab_Raw_Sequencing_Data_Hub/2019_CPC-GENE_m6A_MeRIP-seq/S17B_20211117_YZ2_BHH2W2CCX2/L7-S17B/Input591971_10_S4_L007_R2_001.fastq.gz	N76442	/cluster/home/helenzhu/Cluster_Helen/Snakemake_M6A_NormalTumour/FASTQs/N76442_Input_R2.fastq.gz
1_69532	996346_8	R1	Input	Normal	/cluster/projects/hansengroup/Helab_Raw_Sequencing_Data_Hub/2019_CPC-GENE_m6A_MeRIP-seq/S17B_20211117_YZ2_BHH2W2CCX2/L7-S17B/Input996346_8_S3_L007_R1_001.fastq.gz	N69532	/cluster/home/helenzhu/Cluster_Helen/Snakemake_M6A_NormalTumour/FASTQs/N69532_Input_R1.fastq.gz
1_69532	996346_8	R2	Input	Normal	/cluster/projects/hansengroup/Helab_Raw_Sequencing_Data_Hub/2019_CPC-GENE_m6A_MeRIP-seq/S17B_20211117_YZ2_BHH2W2CCX2/L7-S17B/Input996346_8_S3_L007_R2_001.fastq.gz	N69532	/cluster/home/helenzhu/Cluster_Helen/Snakemake_M6A_NormalTumour/FASTQs/N69532_Input_R2.fastq.gz
1_100883	1599449_4	R1	IP	Normal	/cluster/projects/hansengroup/Helab_Raw_Sequencing_Data_Hub/2019_CPC-GENE_m6A_MeRIP-seq/S17B_20211117_YZ2_BHH2W2CCX2/L7-S17B/IP1599449_4_S6_L007_R1_001.fastq.gz	N100883	/cluster/home/helenzhu/Cluster_Helen/Snakemake_M6A_NormalTumour/FASTQs/N100883_IP_R1.fastq.gz
1_100883	1599449_4	R2	IP	Normal	/cluster/projects/hansengroup/Helab_Raw_Sequencing_Data_Hub/2019_CPC-GENE_m6A_MeRIP-seq/S17B_20211117_YZ2_BHH2W2CCX2/L7-S17B/IP1599449_4_S6_L007_R2_001.fastq.gz	N100883	/cluster/home/helenzhu/Cluster_Helen/Snakemake_M6A_NormalTumour/FASTQs/N100883_IP_R2.fastq.gz
1_100419	1600741_2	R1	IP	Normal	/cluster/projects/hansengroup/Helab_Raw_Sequencing_Data_Hub/2019_CPC-GENE_m6A_MeRIP-seq/S17B_20211117_YZ2_BHH2W2CCX2/L7-S17B/IP1600741_2_S5_L007_R1_001.fastq.gz	N100419	/cluster/home/helenzhu/Cluster_Helen/Snakemake_M6A_NormalTumour/FASTQs/N100419_IP_R1.fastq.gz
1_100419	1600741_2	R2	IP	Normal	/cluster/projects/hansengroup/Helab_Raw_Sequencing_Data_Hub/2019_CPC-GENE_m6A_MeRIP-seq/S17B_20211117_YZ2_BHH2W2CCX2/L7-S17B/IP1600741_2_S5_L007_R2_001.fastq.gz	N100419	/cluster/home/helenzhu/Cluster_Helen/Snakemake_M6A_NormalTumour/FASTQs/N100419_IP_R2.fastq.gz
1_76442	591971_10	R1	IP	Normal	/cluster/projects/hansengroup/Helab_Raw_Sequencing_Data_Hub/2019_CPC-GENE_m6A_MeRIP-seq/S17B_20211117_YZ2_BHH2W2CCX2/L7-S17B/IP591971_10_S8_L007_R1_001.fastq.gz	N76442	/cluster/home/helenzhu/Cluster_Helen/Snakemake_M6A_NormalTumour/FASTQs/N76442_IP_R1.fastq.gz
1_76442	591971_10	R2	IP	Normal	/cluster/projects/hansengroup/Helab_Raw_Sequencing_Data_Hub/2019_CPC-GENE_m6A_MeRIP-seq/S17B_20211117_YZ2_BHH2W2CCX2/L7-S17B/IP591971_10_S8_L007_R2_001.fastq.gz	N76442	/cluster/home/helenzhu/Cluster_Helen/Snakemake_M6A_NormalTumour/FASTQs/N76442_IP_R2.fastq.gz
1_69532	996346_8	R1	IP	Normal	/cluster/projects/hansengroup/Helab_Raw_Sequencing_Data_Hub/2019_CPC-GENE_m6A_MeRIP-seq/S17B_20211117_YZ2_BHH2W2CCX2/L7-S17B/IP996346_8_S7_L007_R1_001.fastq.gz	N69532	/cluster/home/helenzhu/Cluster_Helen/Snakemake_M6A_NormalTumour/FASTQs/N69532_IP_R1.fastq.gz
1_69532	996346_8	R2	IP	Normal	/cluster/projects/hansengroup/Helab_Raw_Sequencing_Data_Hub/2019_CPC-GENE_m6A_MeRIP-seq/S17B_20211117_YZ2_BHH2W2CCX2/L7-S17B/IP996346_8_S7_L007_R2_001.fastq.gz	N69532	/cluster/home/helenzhu/Cluster_Helen/Snakemake_M6A_NormalTumour/FASTQs/N69532_IP_R2.fastq.gz
1_51333	171016_6	R1	Input	Normal	/cluster/projects/hansengroup/Helab_Raw_Sequencing_Data_Hub/2019_CPC-GENE_m6A_MeRIP-seq/S17B_20211117_YZ2_BHH2W2CCX2/L8-S17B/Input171016_6_S1_L008_R1_001.fastq.gz	N51333	/cluster/home/helenzhu/Cluster_Helen/Snakemake_M6A_NormalTumour/FASTQs/N51333_Input_R1.fastq.gz
1_51333	171016_6	R2	Input	Normal	/cluster/projects/hansengroup/Helab_Raw_Sequencing_Data_Hub/2019_CPC-GENE_m6A_MeRIP-seq/S17B_20211117_YZ2_BHH2W2CCX2/L8-S17B/Input171016_6_S1_L008_R2_001.fastq.gz	N51333	/cluster/home/helenzhu/Cluster_Helen/Snakemake_M6A_NormalTumour/FASTQs/N51333_Input_R2.fastq.gz
1_69532	996345_7	R1	Input	Tumour	/cluster/projects/hansengroup/Helab_Raw_Sequencing_Data_Hub/2019_CPC-GENE_m6A_MeRIP-seq/S17B_20211117_YZ2_BHH2W2CCX2/L8-S17B/Input996345_7_S2_L008_R1_001.fastq.gz	T69532	/cluster/home/helenzhu/Cluster_Helen/Snakemake_M6A_NormalTumour/FASTQs/T69532_Input_R1.fastq.gz
1_69532	996345_7	R2	Input	Tumour	/cluster/projects/hansengroup/Helab_Raw_Sequencing_Data_Hub/2019_CPC-GENE_m6A_MeRIP-seq/S17B_20211117_YZ2_BHH2W2CCX2/L8-S17B/Input996345_7_S2_L008_R2_001.fastq.gz	T69532	/cluster/home/helenzhu/Cluster_Helen/Snakemake_M6A_NormalTumour/FASTQs/T69532_Input_R2.fastq.gz
H660	H660	R1	Input	H660	/cluster/projects/hansengroup/Helab_Raw_Sequencing_Data_Hub/2019_CPC-GENE_m6A_MeRIP-seq/S17B_20211117_YZ2_BHH2W2CCX2/L8-S17B/InputH660_S3_L008_R1_001.fastq.gz	H660	/cluster/home/helenzhu/Cluster_Helen/Snakemake_M6A_NormalTumour/FASTQs/H660_Input_R1.fastq.gz
H660	H660	R2	Input	H660	/cluster/projects/hansengroup/Helab_Raw_Sequencing_Data_Hub/2019_CPC-GENE_m6A_MeRIP-seq/S17B_20211117_YZ2_BHH2W2CCX2/L8-S17B/InputH660_S3_L008_R2_001.fastq.gz	H660	/cluster/home/helenzhu/Cluster_Helen/Snakemake_M6A_NormalTumour/FASTQs/H660_Input_R2.fastq.gz
1_51333	171016_6	R1	IP	Normal	/cluster/projects/hansengroup/Helab_Raw_Sequencing_Data_Hub/2019_CPC-GENE_m6A_MeRIP-seq/S17B_20211117_YZ2_BHH2W2CCX2/L8-S17B/IP171016_6_S4_L008_R1_001.fastq.gz	N51333	/cluster/home/helenzhu/Cluster_Helen/Snakemake_M6A_NormalTumour/FASTQs/N51333_IP_R1.fastq.gz
1_51333	171016_6	R2	IP	Normal	/cluster/projects/hansengroup/Helab_Raw_Sequencing_Data_Hub/2019_CPC-GENE_m6A_MeRIP-seq/S17B_20211117_YZ2_BHH2W2CCX2/L8-S17B/IP171016_6_S4_L008_R2_001.fastq.gz	N51333	/cluster/home/helenzhu/Cluster_Helen/Snakemake_M6A_NormalTumour/FASTQs/N51333_IP_R2.fastq.gz
1_69532	996345_7	R1	IP	Tumour	/cluster/projects/hansengroup/Helab_Raw_Sequencing_Data_Hub/2019_CPC-GENE_m6A_MeRIP-seq/S17B_20211117_YZ2_BHH2W2CCX2/L8-S17B/IP996345_7_S5_L008_R1_001.fastq.gz	T69532	/cluster/home/helenzhu/Cluster_Helen/Snakemake_M6A_NormalTumour/FASTQs/T69532_IP_R1.fastq.gz
1_69532	996345_7	R2	IP	Tumour	/cluster/projects/hansengroup/Helab_Raw_Sequencing_Data_Hub/2019_CPC-GENE_m6A_MeRIP-seq/S17B_20211117_YZ2_BHH2W2CCX2/L8-S17B/IP996345_7_S5_L008_R2_001.fastq.gz	T69532	/cluster/home/helenzhu/Cluster_Helen/Snakemake_M6A_NormalTumour/FASTQs/T69532_IP_R2.fastq.gz
H660	H660	R1	IP	H660	/cluster/projects/hansengroup/Helab_Raw_Sequencing_Data_Hub/2019_CPC-GENE_m6A_MeRIP-seq/S17B_20211117_YZ2_BHH2W2CCX2/L8-S17B/IPH660_S6_L008_R1_001.fastq.gz	H660	/cluster/home/helenzhu/Cluster_Helen/Snakemake_M6A_NormalTumour/FASTQs/H660_IP_R1.fastq.gz
H660	H660	R2	IP	H660	/cluster/projects/hansengroup/Helab_Raw_Sequencing_Data_Hub/2019_CPC-GENE_m6A_MeRIP-seq/S17B_20211117_YZ2_BHH2W2CCX2/L8-S17B/IPH660_S6_L008_R2_001.fastq.gz	H660	/cluster/home/helenzhu/Cluster_Helen/Snakemake_M6A_NormalTumour/FASTQs/H660_IP_R2.fastq.gz
1_76900	623281_12	R1	Input	Normal	/cluster/projects/hansengroup/Helab_Raw_Sequencing_Data_Hub/2019_CPC-GENE_m6A_MeRIP-seq/S17B_20211120_YZ2_AHH3TJCCX2/L1-S17B/Input623281_12_S1_L001_R1_001.fastq.gz	N76900	/cluster/home/helenzhu/Cluster_Helen/Snakemake_M6A_NormalTumour/FASTQs/N76900_Input_R1.fastq.gz
1_76900	623281_12	R2	Input	Normal	/cluster/projects/hansengroup/Helab_Raw_Sequencing_Data_Hub/2019_CPC-GENE_m6A_MeRIP-seq/S17B_20211120_YZ2_AHH3TJCCX2/L1-S17B/Input623281_12_S1_L001_R2_001.fastq.gz	N76900	/cluster/home/helenzhu/Cluster_Helen/Snakemake_M6A_NormalTumour/FASTQs/N76900_Input_R2.fastq.gz
1_88279	966922_1	R1	Input	Tumour	/cluster/projects/hansengroup/Helab_Raw_Sequencing_Data_Hub/2019_CPC-GENE_m6A_MeRIP-seq/S17B_20211120_YZ2_AHH3TJCCX2/L1-S17B/Input966922_1_S3_L001_R1_001.fastq.gz	T88279	/cluster/home/helenzhu/Cluster_Helen/Snakemake_M6A_NormalTumour/FASTQs/T88279_Input_R1.fastq.gz
1_88279	966922_1	R2	Input	Tumour	/cluster/projects/hansengroup/Helab_Raw_Sequencing_Data_Hub/2019_CPC-GENE_m6A_MeRIP-seq/S17B_20211120_YZ2_AHH3TJCCX2/L1-S17B/Input966922_1_S3_L001_R2_001.fastq.gz	T88279	/cluster/home/helenzhu/Cluster_Helen/Snakemake_M6A_NormalTumour/FASTQs/T88279_Input_R2.fastq.gz
1_88279	966923_1	R1	Input	Normal	/cluster/projects/hansengroup/Helab_Raw_Sequencing_Data_Hub/2019_CPC-GENE_m6A_MeRIP-seq/S17B_20211120_YZ2_AHH3TJCCX2/L1-S17B/Input966923_1_S2_L001_R1_001.fastq.gz	N88279	/cluster/home/helenzhu/Cluster_Helen/Snakemake_M6A_NormalTumour/FASTQs/N88279_Input_R1.fastq.gz
1_88279	966923_1	R2	Input	Normal	/cluster/projects/hansengroup/Helab_Raw_Sequencing_Data_Hub/2019_CPC-GENE_m6A_MeRIP-seq/S17B_20211120_YZ2_AHH3TJCCX2/L1-S17B/Input966923_1_S2_L001_R2_001.fastq.gz	N88279	/cluster/home/helenzhu/Cluster_Helen/Snakemake_M6A_NormalTumour/FASTQs/N88279_Input_R2.fastq.gz
1_76900	623281_12	R1	IP	Normal	/cluster/projects/hansengroup/Helab_Raw_Sequencing_Data_Hub/2019_CPC-GENE_m6A_MeRIP-seq/S17B_20211120_YZ2_AHH3TJCCX2/L1-S17B/IP623281_12_S4_L001_R1_001.fastq.gz	N76900	/cluster/home/helenzhu/Cluster_Helen/Snakemake_M6A_NormalTumour/FASTQs/N76900_IP_R1.fastq.gz
1_76900	623281_12	R2	IP	Normal	/cluster/projects/hansengroup/Helab_Raw_Sequencing_Data_Hub/2019_CPC-GENE_m6A_MeRIP-seq/S17B_20211120_YZ2_AHH3TJCCX2/L1-S17B/IP623281_12_S4_L001_R2_001.fastq.gz	N76900	/cluster/home/helenzhu/Cluster_Helen/Snakemake_M6A_NormalTumour/FASTQs/N76900_IP_R2.fastq.gz
1_88279	966922_1	R1	IP	Tumour	/cluster/projects/hansengroup/Helab_Raw_Sequencing_Data_Hub/2019_CPC-GENE_m6A_MeRIP-seq/S17B_20211120_YZ2_AHH3TJCCX2/L1-S17B/IP966922_1_S6_L001_R1_001.fastq.gz	T88279	/cluster/home/helenzhu/Cluster_Helen/Snakemake_M6A_NormalTumour/FASTQs/T88279_IP_R1.fastq.gz
1_88279	966922_1	R2	IP	Tumour	/cluster/projects/hansengroup/Helab_Raw_Sequencing_Data_Hub/2019_CPC-GENE_m6A_MeRIP-seq/S17B_20211120_YZ2_AHH3TJCCX2/L1-S17B/IP966922_1_S6_L001_R2_001.fastq.gz	T88279	/cluster/home/helenzhu/Cluster_Helen/Snakemake_M6A_NormalTumour/FASTQs/T88279_IP_R2.fastq.gz
1_88279	966923_1	R1	IP	Normal	/cluster/projects/hansengroup/Helab_Raw_Sequencing_Data_Hub/2019_CPC-GENE_m6A_MeRIP-seq/S17B_20211120_YZ2_AHH3TJCCX2/L1-S17B/IP966923_1_S5_L001_R1_001.fastq.gz	N88279	/cluster/home/helenzhu/Cluster_Helen/Snakemake_M6A_NormalTumour/FASTQs/N88279_IP_R1.fastq.gz
1_88279	966923_1	R2	IP	Normal	/cluster/projects/hansengroup/Helab_Raw_Sequencing_Data_Hub/2019_CPC-GENE_m6A_MeRIP-seq/S17B_20211120_YZ2_AHH3TJCCX2/L1-S17B/IP966923_1_S5_L001_R2_001.fastq.gz	N88279	/cluster/home/helenzhu/Cluster_Helen/Snakemake_M6A_NormalTumour/FASTQs/N88279_IP_R2.fastq.gz
22Rv1	22Rv1	R1	Input	22Rv1	/cluster/projects/hansengroup/Helab_Raw_Sequencing_Data_Hub/2019_CPC-GENE_m6A_MeRIP-seq/S17B_20211120_YZ2_AHH3TJCCX2/L2-S17B/Input22Rv1_S1_L002_R1_001.fastq.gz	22Rv1	/cluster/home/helenzhu/Cluster_Helen/Snakemake_M6A_NormalTumour/FASTQs/22Rv1_Input_R1.fastq.gz
22Rv1	22Rv1	R2	Input	22Rv1	/cluster/projects/hansengroup/Helab_Raw_Sequencing_Data_Hub/2019_CPC-GENE_m6A_MeRIP-seq/S17B_20211120_YZ2_AHH3TJCCX2/L2-S17B/Input22Rv1_S1_L002_R2_001.fastq.gz	22Rv1	/cluster/home/helenzhu/Cluster_Helen/Snakemake_M6A_NormalTumour/FASTQs/22Rv1_Input_R2.fastq.gz
DU145	DU145	R1	Input	DU145	/cluster/projects/hansengroup/Helab_Raw_Sequencing_Data_Hub/2019_CPC-GENE_m6A_MeRIP-seq/S17B_20211120_YZ2_AHH3TJCCX2/L2-S17B/InputDU145_S2_L002_R1_001.fastq.gz	DU145	/cluster/home/helenzhu/Cluster_Helen/Snakemake_M6A_NormalTumour/FASTQs/DU145_Input_R1.fastq.gz
DU145	DU145	R2	Input	DU145	/cluster/projects/hansengroup/Helab_Raw_Sequencing_Data_Hub/2019_CPC-GENE_m6A_MeRIP-seq/S17B_20211120_YZ2_AHH3TJCCX2/L2-S17B/InputDU145_S2_L002_R2_001.fastq.gz	DU145	/cluster/home/helenzhu/Cluster_Helen/Snakemake_M6A_NormalTumour/FASTQs/DU145_Input_R2.fastq.gz
V16A	V16A	R1	Input	V16A	/cluster/projects/hansengroup/Helab_Raw_Sequencing_Data_Hub/2019_CPC-GENE_m6A_MeRIP-seq/S17B_20211120_YZ2_AHH3TJCCX2/L2-S17B/InputV16A_S3_L002_R1_001.fastq.gz	V16A	/cluster/home/helenzhu/Cluster_Helen/Snakemake_M6A_NormalTumour/FASTQs/V16A_Input_R1.fastq.gz
V16A	V16A	R2	Input	V16A	/cluster/projects/hansengroup/Helab_Raw_Sequencing_Data_Hub/2019_CPC-GENE_m6A_MeRIP-seq/S17B_20211120_YZ2_AHH3TJCCX2/L2-S17B/InputV16A_S3_L002_R2_001.fastq.gz	V16A	/cluster/home/helenzhu/Cluster_Helen/Snakemake_M6A_NormalTumour/FASTQs/V16A_Input_R2.fastq.gz
22Rv1	22Rv1	R1	IP	22Rv1	/cluster/projects/hansengroup/Helab_Raw_Sequencing_Data_Hub/2019_CPC-GENE_m6A_MeRIP-seq/S17B_20211120_YZ2_AHH3TJCCX2/L2-S17B/IP22Rv1_S4_L002_R1_001.fastq.gz	22Rv1	/cluster/home/helenzhu/Cluster_Helen/Snakemake_M6A_NormalTumour/FASTQs/22Rv1_IP_R1.fastq.gz
22Rv1	22Rv1	R2	IP	22Rv1	/cluster/projects/hansengroup/Helab_Raw_Sequencing_Data_Hub/2019_CPC-GENE_m6A_MeRIP-seq/S17B_20211120_YZ2_AHH3TJCCX2/L2-S17B/IP22Rv1_S4_L002_R2_001.fastq.gz	22Rv1	/cluster/home/helenzhu/Cluster_Helen/Snakemake_M6A_NormalTumour/FASTQs/22Rv1_IP_R2.fastq.gz
DU145	DU145	R1	IP	DU145	/cluster/projects/hansengroup/Helab_Raw_Sequencing_Data_Hub/2019_CPC-GENE_m6A_MeRIP-seq/S17B_20211120_YZ2_AHH3TJCCX2/L2-S17B/IPDU145_S5_L002_R1_001.fastq.gz	DU145	/cluster/home/helenzhu/Cluster_Helen/Snakemake_M6A_NormalTumour/FASTQs/DU145_IP_R1.fastq.gz
DU145	DU145	R2	IP	DU145	/cluster/projects/hansengroup/Helab_Raw_Sequencing_Data_Hub/2019_CPC-GENE_m6A_MeRIP-seq/S17B_20211120_YZ2_AHH3TJCCX2/L2-S17B/IPDU145_S5_L002_R2_001.fastq.gz	DU145	/cluster/home/helenzhu/Cluster_Helen/Snakemake_M6A_NormalTumour/FASTQs/DU145_IP_R2.fastq.gz
V16A	V16A	R1	IP	V16A	/cluster/projects/hansengroup/Helab_Raw_Sequencing_Data_Hub/2019_CPC-GENE_m6A_MeRIP-seq/S17B_20211120_YZ2_AHH3TJCCX2/L2-S17B/IPV16A_S6_L002_R1_001.fastq.gz	V16A	/cluster/home/helenzhu/Cluster_Helen/Snakemake_M6A_NormalTumour/FASTQs/V16A_IP_R1.fastq.gz
V16A	V16A	R2	IP	V16A	/cluster/projects/hansengroup/Helab_Raw_Sequencing_Data_Hub/2019_CPC-GENE_m6A_MeRIP-seq/S17B_20211120_YZ2_AHH3TJCCX2/L2-S17B/IPV16A_S6_L002_R2_001.fastq.gz	V16A	/cluster/home/helenzhu/Cluster_Helen/Snakemake_M6A_NormalTumour/FASTQs/V16A_IP_R2.fastq.gz
